18,결혼식장에서 자살 폭탄 테러가 발생했습니다
19,목매 숨진 채 발견
18,계단 난간에서 목을 매 숨진 채 발견
18,야산에서 목을 매 숨진 채 발견
19,연탄가스 동반자살
21,손쉬운 죽음 동반 자살
22,하루 평균 20명 이상이 스스로 목숨을 끊는 것과 관련
22,최근 10년간 모두 880건의 자살시도가 일어났고
22,자살률 OECD 국가 중 1위
19,뛰어내려 목숨을 끊자 자살
18,빌라 옥상에서 뛰어내려 스스로 목숨을 끊자
23,자살 보험금을 받을 수 없다
24,자살 시에도 보험금을 지급한다
21,손쉽게 착화탄 자살
23,자살 보험금 지급 거절
18,자신의 집에서 스스로 목숨을 끊었다
22,노인 자살율은 10만명당 55.5명으로 한해에만 하루 10명에 육박하는
20,어렵게 자살
20,자살 시도 실패
20,친구와 투신하려다 홀로 살아남은 남성
27,투신 집행유예 징역
22,사망원인 1위 자살
22,자살 해마다 증가
28,자살만이 유일한 대안
28,자살이 탈출구
28,유일한 방법은 자살뿐
28,이제 남은 대안은 자살뿐
19,마포대교 투신
22,12년 연속 자살률 1위
22,하루 평균 자살자 수는 38명이나 됩니다
25,빚 때문에 자살 어떻게든 살아야지
22,드라마 주인공 자살
19,한강 다리 자살 시도
17,생명의 다리
17,생명의 전화
19,연탄불 자살
22,연예인 자살
27,자살시도 감옥
27,자살하면 묘지에 묻힐 수 없고 불이익이 있다
27,자살 지옥
22,스스로 목숨을 끊는 사람은 2014년 기준으로 한해 1만 4천명이나 된다
22,2시간에 3명꼴로 극단적인 선택을 했다
18,간부 주차장서 숨진 채 발견
18,화장실에서 스스로 목숨을 끊었다
22,하일성 자살
19,끈 목을 매
16,자살 트위터
19,질소가스 질식
26,부부 동반자살 행복하시기 바랍니다
26,동반자살 순애보
26,자살 사랑 약속
21,고통없이
26,검찰의 압박에 어쩔 수 없었다
19,넥타이로 목을 매어
28,동반 자살 로맨틱
28,사후세계 동경
28,평화로운 죽음
28,자살 wow
28,자살 답
28,자살 편안한 죽음
25,잘못된 선택
25,자살 죄악
25,자살 사회 문제
26,포기해 편한 자살
25,자살 그만
22,자살 통계
22,자살 증가
22,많은 사람 자살
19,가위 자살
16,자살 사이트 검색
19,음독 자살
19,불 지르 자살
19,농약
19,유독 가스
19,머리에 총 쏘고 자살
16,자살 광고
16,자살 페북
16,자살 카페
16,자살 블로그
16,자살 카톡
16,자살 단톡
21,단숨에 죽음
24,가족 자살 그럴만
24,친구 자살 그럴만
25,자살은 해서는 안되
26,자살해도 괜찮어
26,자살쯤이야
27,자살 나중에 묻힐 때 불이익
27,자살 묘지 못 묻혀
27,자살 종교 금지
27,자살 천벌
27,자살 실패 감옥
28,자살 달콤한
28,자살 휴식
21,순식간에 죽어
21,순식간에 자살
21,고통없이 자살
21,언제든지 자살
20,자살 쉽지 않아
20,어려운 자살
20,마음처럼 안되는 죽음
18,사무실 숨진
25,사례 혀를 차다
26,사례 권유
28,자살 보험금 받았다
23,자살 보험금 미지급
23,자살 보험금 지급 거부
23,자살 보험금 지급 버티기
23,자살 시 보험금 지급의무 없다
23,자살 보험금 지급 안해도 돼
23,생명보험사 자살보험금 아직 안 줬다
23,자살 보험금 지급 미적
26,자살해도 괜찮은 느낌이야
28,자살 거액의 보험금 받았다
22,자살률 높은
22,자살률 높아서
22,자살 증가
21,조력 자살
19,옥상에서 투신 자살
19,아파트에서 투신 자살
19,고층 빌딩에서 투신 자살
19,학교에서 투신 자살
19,혀 깨물고 자살
16,인터넷 안티 자살 사이트에서 만난 자살자들이 자살 여행을 떠난 끝에 죽음에 이르렀다는 점에서 두 사건은 ‘인터넷 자살’의 시초가 된 2000년 12월 강원도 강릉시 리조텔 동반 자살 사건과 유사하다
16,자살 주동자는 인터넷 안티 자살 사이트 게시판을 통해 함께 죽을 사람을 찾았다
16,자기야^^ 제 전문을 살려 팀 집단자살 홈페이지도 제작중이니 포폴 올릴 사이트 필요하면 말해^^
16,헉 아부야마오보로 셋다 자살카페 사이트에서 만나서 자살모임을 열어서 같이죽기로 했는데 하라는 자살은 안하고 떡치는거 보고싶다!!!
16,인터넷 채팅 사이트에서 한 남녀가 동반자살을 계획한다. 남자는 얕게 언… https://www.instagram.com/p/BPWvC6kjBk7/
16,요즘 핫한 자살사이트 어디조?
16,) 자살카페나 자살사이트좀알려주세요..#동반자살#자살#자살카페#자살사이트
16,"비오니까,,,뷔슈 자살사이트에서 만나서 마약에 찌들어사는거보고싶음,,, 술담배는 기본에 마약은 옵션. 서로가 서로의 가족이자 친구이자 세상의전부. 오늘이 인생의 마지막인듯 약해 취해 위태로운 매일을 살아내라"
16,자살방법에 대한 위키사이트를 발견했다 시험끝나고 천천히 읽어야지
16,"가평경찰서, 자살사이트로 알게 된 동반자살 기도자 4명 구조"
16,자살사이트나...음 외로운 사람들끼리 연락하는 앱에서 만나는 지미랑 딘 부장님 보고싶어여!! 겉으로는 이사람이 외로움이나 공허함이 없어보이는데 하는 두 사람이 만나서 소소하게 변화되어가는 그런거..! 두스님을 기다릴께여
16,자살사이트.. 그리고 그.. 아고물이였나요.. 새드앤딩
16,"자살방지를 위해 자살관련 사이트를 막으면 어쩔건지 모르겠다. 그래 그래서 당장은 학교에 있는 친구들이 안전할지도 모르지. 근데 그 친구들이 사회에 가고, 대학에 가면? 그때는 '이제 어른이니 알아서 해라' 할건가 아 진짜 마음에 안들어"
16,분례밈 서치하시나봥...ㅇㅅㅇ 자살사이트 연성 최고다!!!!!!
16,"인터넷 자살사이트를 가슴에 저장하고 사는 당신, 베란다 난간에 반쯤 걸쳐진 당신을 붙잡는 내손은 턱 없이 모자랐 으나 당신은 울면서 내게 말했다 날 그냥 놓아줘, 제발! § 최금진, 천개의 손"
16,"요즘 고르는 책 마다 왜이래,,,, 부도나고 이혼해서 자살사이트 들어가 정모하는데 주최자한테 첫눈에 반했다며 같이 살자고 함"
16,스위스에서 자살여행 가능하다던데 그거 사이트 뭐지... 시발... 구글에 스위슬래드 수어사이드 트래블 이딴거 쳐야하나
16,누구 자살사이트 공유좀
16,자살하고 싶은 학생이 여자면 여자모습으로 남자면 남자모습으로 나타난다고 한다. 그리고 그 사이트의 다른 게시물에는 자살한 학생들의 명단이 차례대로 있다고 한다. 자살방법도 가지각색 그중에 투신자살이 가장 많다고한다
16,비공개 블로그나 자살 사이트 같은 자신들만의 ‘암묵적인 비밀 모임’으로 이어지거나 실제 동반자살을 결행할 위험이 크다”고 말했다. 야
16,분례님 자살사이트 진짜 세상 모든 슈짐 지뢰아니신 분들 모두 읽어주세요 진짜 누워서 보다가 베개 다 젖을 정도로 울었다ㅠㅠㅜㅠ진챠 대박ㅠㅠㅠㅠㅠ
16,분명 내가 중학생 땐 자살 사이트에서 만나 청산가리로 집단 자살한 사람들의 소식이 뉴스에 나오면 모두들 혀를 찼다 근데 이젠 사람들이 온정적인 시선으로 그들을 이해하며 자기도 할수만 있다면 그렇게 하고 싶다고 한다
16,"눈기는 그 길로 자살 사이트를 뒤적여. 혹시나 자기가 죽기 전에 갑자기 두려워져서 살고 싶다는 생각이 들어도, 그 생각을 지워줄 사람을 찾겠지. 아이디는 생일. 0309. 네 자리수는 어색하게만 느껴지겠지."
16,죽고 싶다 혹시 자살 사이트 아시면 쪽지좀 주세요 질소 가스로 편하게 갈수 있는 방법으로요 같이 갈 분 모집 해요 진심
16,갈기발기 찢어질 정도로 아팠던 스스로의 시간을 써내려가는동안 동시대에 새겨져버린 당신들을 용서해야할 지 고민하게되는 내 마지막 하루. 00 이상 | ALL | 자살기도자들간의 커뮤니티 |
16,"길 헤매지 마, 어짜피 너와 나의 길은 하나잖아. | 자살 기도자들간의 커뮤니티 | 00이상 | 글 | 상세사항 모멘트 참조 |"
16,요즘은 자살카페도 이상한데많대...ㅇㅁㅇ 확실한 커뮤니티없나
16,자살을 부추기는 유해 정보의 절반 정도는 온라인 커뮤니티 ‘일간베스트저장소(일베)’와 ‘디시인사이드(디씨)’에서 적발됐다 야 이렇게 써놨으면서 트위터는 왜 꺼낸거야
16,2차 홍보 RT Thx 죽고 싶어요 이게 당신이 원하는 답인가요? 글 │ 성인 │ ALL │ 공포 │ 조사 │ 자살 커뮤니티 │ 2차 지인제 http://westsii.wixsite.com/byebreath
16,다ㅏ들 자살카페 AU 풀어주시ㅣ라고요!
16,") 세연이가 자살하고 난 지 5년째 되던 해, 나와 친구들은 한 자살 사잍(whydoyoulive.com)를 통해 서로의 소식을 알게 된다."
16,자살을 아주 아주 고통없이 기분 좋게 시도하는 방법이 담긴 사이트 하나 소개 해드리겠습니다. 사이트 주소는 jdhd.org입니다.
16,) #동반자살 같이 준비하실 분 쪽지 주세요. 분당살아요
16,#동반자살 서울입니다. 남자이고 40입니다. 같이 얘기하고 같이 동반으로 편해지실분 구합니다. 퓨어니코틴을 구해놨습니다. 질소는 구하기가 쉽지 않네요. 연락주세요.
16,최근 인터넷 사이트나 SNS(소셜네트워크서비스) 등을 통해 만남을 갖고 동반 자살을 시도하는 일명'자살사이트'가 확산되고 있는 가운데 전북에서 이와 관련된 사건이 잇따라 큰 충격을 주고 있다.
16,) 이날 발생한 사건의 경우처럼 최근 인터넷과 SNS 등을 중심으로 동반자살을 원하는 글들이 꾸준히 게시되고 있는 것으로 확인됐다.
16,) #동반자살  조심스럽게 글올립니다. 청산가리팝니다.카톡asd15315문의주세요.4
16,#동반자살 원룸 이나 차 있으시고 20대~30대 초반 수도권 사시는분.. 재료는 제가 준비 하겠습니다. 단순 빚 때문에 죽는다는분 사절합니다. 2억이상은 예외 입니다. 확고하지도 않으면서 연락 주지좀 마세요..부탁드립니다. 톡 hanzan2 입니다.
16,"요즘트위터애 동반자살카패 의 피해자가 잇다는 것을 들엇지만, 저도 그 피해자가 될 줄은 전혀 몰랏습니다. 여러분 모두 조심하십 시오."
16,"카톡으로 맨날 자살외치는데 다자이랑 동반자살,,"
16,동반자살할 사람 문자/카톡/쪽지 부탁
16,경기 서울 살인하고 싶은분 죽어드려요 아니면 같이 가실분도 좋습니다 멀리는 이동 힘들어요 쪽지 주시면 빠르게 진행하고싶어요 #자살 #동반자살
17,마포대교에 생명의 전화 있잖아 사실 그거에다가 힘든 일 다 털어놓으려고 간거거든 근데 막상 가니까 마음이 가벼워지는거야 그래서 지나쳤다가 마지막에 다시 돌아와서 가방 내려놓고 전화 걸까말까 가만히 서 있는데 버스가 경적 울려서 놀라서 걍 안함
17,24시간 전화 상담 자살예방핫라인 1577-0199 희망의 전화 129 생명의 전화 1588-9191 청소년 전화 1388 온라인 상담•직접상담 한국자살예방협회 한국 생명의 전화 서울시 자살예방센터 생명존중교육협의회 전화기 전화기 아 나 폰압ㅠ
17,자살충동에 시달리는 분들 꼭 생명의전화 찾으시길... 가끔 이상한 상담자가 걸리기도 하지만 전담상담자도 배정되고 그러나봐요
17,새벽이 되니 주무시러들 가십니다만. 생명의 전화는 24시간 깨어있습니다. 언제든지 전화 주십시오
17,죽고 싶어지면 일단 생명의 전화에 전화를 하고 진정하고 병원에 가보세요
17,생명의 전화는 1588 9191이다.
17,양화대교에 배치되어 있던 생명의 전화 보는 내내 기분이 묘했다.
17,생명의 전화 24시간 Hot line 1588-9191
17,힘들면 마포대교 난간잡고 30분정도 있거나 거기 있는 생명의전화? 공중전화로 힘든점 얘기하면되여
17,오늘의유머 - 한강 생명의 전화
17,영혼이 분리된 친구들을 위해 혹시 몰라서 다시 올려볼게 자살예방핫라인 1577-0199 희망의 전화 129 생명의 전화 1588-9191 청소년 전화 1388
17,"우리시에서는 한강교량에서의 투신을 예방하기 위하여 마포대교 및 한강대교에 생명의 다리를 시범적으로 설치하여 운영중이고, CCTV, 생명의 전화 등의 투신사고 예방을 위한 조치들을... http://bit.ly/1Ybw5FB"
17,영동대교에 생명의 전화가 생긴 것은 2013년 12월 18일 즈음이었습니다
17,마포대교 생명의 전화를 쓸 때가 온 듯
17,"생명보험사회공헌재단, 4년간 3679명 살린 SOS생명의전화 성산대교에 추가 개통"
17,'생명의 전화'를 들은 85%가 안전하게 집으로 돌아갔다 합니다.
17,작은관심이 모여 생명의 씨앗 살려낼 수 있습니다. 정신건강위기상담전화 1577-0199 http://www.gwmh.or.kr/
17,영동대교에도 생명의 전화가 있는데 이거 24시간인가
17,마음의 소리는 아름다운 생명의 소리입니다. 정신건강위기상담전화1577-0199
17,생명의 전화가 설치된 한강다리. 금문교는 50여명이 매년 투신한다고
17,벼락님 지금 빨리 1388에라도 전화 해보세요 아니면 자살예방센터에 전화해요
17,"정신건강 위기 상담전화 1577-0199는 24시간 항상 운영되고 있습니다. 정신보건전문요원(정신보건간호사, 정신보건사회복지사, 정신보건임상심리사)이 상주하여 정신건강 관련기관 정보제공 및 정신건강 위기 및 자살 상담을 진행하고 있습니다."
17,맞아요... 상담 꼭 받으세요 보건복지부에서의 자살상담은 24시 언제나 가능하고 본인인증이 필요하긴하나 인터넷 상담도 가능합니다
17,상담실에서 자살상담햇어 ㅋ ㅋㅋㅋ
17,친구가 자살 상담 앱에서 다른 사람 상담해주는거 들으려고 했다가 여자가 자살해버린거같다고 연락왔는데 아까
17,"여러분 보건복지부 129 자살 상담원이 있는데, 상담자가 있으면 제가 그래요."
17,") 수원시 자살예방센터 자살상담전화 214-7942(친구사이), 사이버 상담게시판 http://www.csp.or.kr  ""혼자 힘들어하지 마세요, 지치고 상처받아 아픈 마음을 함께 나누고 치유받고 다시 건강해 지세요 ~"
17,안녕하세요 자살상담봇입니다 홍보 부탁드려요
17,자살상담전화 설치된 부산 광안대교서 또 투신
17,다리 한 가운데에 전화가....생명의 전화가 있었다.
17,자살생각이 날 때에는 생명의 전화를 이용하세요
17,자살생각이 날 때에는 인터넷으로 자살 상담을 받으세요
18,계단 난간에서 숨진채로 발견되었다.
18,사무실에서 목을 맨 채로 발견되었다.
18,자동차 안에서 숨진 채로 발견되었다.
18,야산에서 목을 매어 숨진 채로 발견되었다.
18,화장실에서 스스로 목숨을 끊었다
18,주차장에서 숨진 채로 발견되었다.
18,자신의 집에서 스스로 목숨을 끊었다.
18,옥상에서 투신하여 목숨을 끊었다.
18,마포대교에서 투신했다.
18,)양화대교에서 투신했다.
18,저수지에서 스스로 목숨을 끊었다.
18,스위스로 자살관광을 가서 동반자살했다.
18,수영장에서 스스로 목숨을 끊었다.
18,동물원에서 스스로 목숨을 끊었다.
18,교회에서 스스로 목숨을 끊었다.
18,이슬람 사원에서 스스로 목숨을 끊었다.
18,불교 사원에서 스스로 목숨을 끊었다.
18,성당에서 스스로 목숨을 끊었다
18,회사 옥상에서 투신 자살했다.
18,넷마블게임즈 사옥에서 30대 남성 직원이 투신해 그 자리에서 숨졌다
18,서울 구로동에 위치한 개임회사 넷마블 사옥에서 직원 박모씨가 투신해 그 자리에서 숨졌다
18,신입사원 사원 기숙사에서 스스로 목숨끊어
18,"경기 김포경찰서는 ""국민상조 대표 A(47) 씨가 31일 아침 8시 5분쯤 김포시 고촌읍 국민상조 건물 옥상에서 목을 매어 숨져 있는 것을 공동대표 B(39) 씨가 발견해 신고했다""고 밝혔다."
18,피해자가 다녔던 학교에서는 여학생 자살 사건이 발생했다.
18,16일 서울 동대문경찰서에 따르면 서울 모 중학교 1학년 A(14)양은 지난달 5월 14일 밤 9시 5분께 동대문구 소재 한 아파트 10층에서 자기 방 창문 밖으로 몸을 던져 숨졌다.
18,충남 공주시 Y고교 1학년 박모 군(17)이 18일 오후 10시 22분경 공주시 신관동 한 아파트 화단에 숨져 있는 것을 주민들이 발견해 신고했다.
18,아무튼 제가 이런말을 하는것은 모텔은 자살장소가 아닙니다.
18,"자살 명소(自殺名所, Suicide site)는 명승지 등 유명한 장소 중 자살이 빈번하게 일어나는 곳을 말한다."
18,자살 시도자들의 87.8%는 익숙한 장소를 자살 시도 장소로 택했다. 역시 가장 많이 택하는 장소는 자신의 집이었다.
18,신체 장애로 불편을 겪던 한 60대 자살 시도자는 배우자가 집을 비운 사이 화장실에서 목을 매 자살을 시도했다.
18,국내 유명한 자살 장소 top7
18,1937년 건립 이후 금문교에서 투신자살한 사람은 1200명이 넘는다고 하네요
18,에펠탑은 ‘자살자의 탑’이라는 별명이 말해주는 것처럼379명이 스스로 뛰어내려 목숨을 끊었는데
18,뉴욕 엠파이어스테이트 빌딩(Empire State Building) 미국 엠파이어스테이트빌딩에서 자살한 이는 1931년 완공 이후 모두 30명 이상이며 가장 최근의 자살 사례는 2004년 전망대에서 뛰어내린 남성이었답니다
18,"약 100M 높이의 깍아지는 듯한 절벽이 사람을 삼킬듯이 서있는 이곳은 개척 시대에 힘든 노동과 가난함, 고독에 절망한 죄인들이 몸을 던졌다고 하며 아직도 시드니의 자살명소로 유명하다고 합니다."
18,) 1933년 2월 한 여학생이 그 섬에 있는 화산의 들끊고 있는 분화구 속으로 몸을 던진 후 그 사건으로 인해 졸지에 ‘자살섬’이라고 불리는 명소가 되었다고 합니다.
18,) 한강은 무신 자살시도자 100명에 1000구의 시체를 내뱉는 시체 연금술 강도 아니고 쳐 웃기는군요.
18,"자살 장소, 낙조대? 이건 아니잖아"
18,화장실중 가장 큰칸에서 자살을 시도했거든?
18,수영을 잘한다던 성씨가 이곳에서 투신해 뜻밖에 숨지자 대중에게 마포대교는 '성공률 높은자살 장소'로 인식됐다는 것이다
18,이인원 자살 장소로 추정되는 양평 한 산책로
19,아파트에서 투신 자살했다
19,한강 다리에서 뛰어내려 자살했다.
19,학교 옥상에서 뛰어내려 자살했다.
19,고층 빌딩에서 뛰어내려 자살했다
19,유리창 밖으로 뛰어내려 자살했다.
19,넥타이로 목을 매어 자살했다
19,스위스로 자살여행가면 쉽게 죽을텐데
19,헬륨으로도 실패하는 사람이 있긴 하지만 성공한다면 가장 편한 자살이다.
19,그녀는 빌딩이나 절벽에서 떨어지거나 목을 매 죽는 방법 등을 나열했다.
19,"목맨 자살, 방바닥에 발닿고도 가능하다."
19,장롱에 목을 매고 죽는 경우에는 그렇게 안하고 서서히 발을 떼면서 죽는 경우일꺼
19,키 높이의 문고리에 목매기도 가능하다.
19,독극물을 마시거나 투신을 하는 이들도 있지만 각종 줄을 이용해 기타물에 매어 숨지는 이들이 적지 않다.
19,목매달면 그냥 몽롱하고 고통없이 정신잃고 죽는다고 합니다.
19,목을 매면 인간은 죽는다 이것은 가장 성공률이 높은 자살방법
19,자살할 때 대부분 목을 메는 방법을 선택하는 이유가 뭔가유?
19,목매서 자살하는거에 사람들이 잘 모르는것이
19,)자살법 중 가스를 너무 많이 마시거나 뇌졸중으로 넘어지거나 여러가지 방법이 있습니다.
19,사람이 죽기 전에 몸부림을 치므로 문고리에 목을 매어 자살할 수는 없다
19,문 손잡이에 목매 자살기도 30대남 구조
19,"자살 방법은 목매달기, 건물투신, 익사, 동맥 절단 순으로 많았다"
19,"자살방법으로 많이 쓰는 방법은 케타민, 미다졸람, 프로포폴같은 수면마취제 과다투여, 넴뷰탈, 목매달기입니다."
19,"손목을 그어 죽는 경우는 대다수 '과다출혈'인데, 이렇게 죽으려면 동맥 절단을 해야합니다."
19,칼로 동맥 끊어 자살하기 (또는 할복 자살
19,여자는 수면제나 손목 동맥 절단 등 '소극적 방법'으로 자살을 기도하지만
19,"목욕탕에서 자몽쥬스와 술, 그리고 대량의 수면제를 먹고 익사하는 것이다"
19,목을 매달아 죽는 자살은 유행이 한참 지난 고전적 자살 방법중 하나지요
19,투신자살은 떨어지는 중간에 심장마비로 사망에 이른다고 합니다.
19,오죽하면 자살시도도 치우기 편하라고 학교 화장실에서 손을 그었겠냐.
20,자살 시도했는데 실패했다
20,자살해봤는데 생각보다 잘 안되더라
20,자살이 한번에 성공하는 경우는 잘없고 여러번 시도해야 한다
20,교통사고 위장 자살: 타인에게 트라우마+실패시 욕 먹음
20,자살 못하는 이유: 익사:고통
20,자살 못하는 이유: 질식사: 고통
20,"자살 못하는 이유: 동맥 절단: 고통, 겁 남"
20,아사하려고 하면 배고픔
20,음독하려고 해도 약국에서 독약 안 팜
20,권총자살: 한국에서 총기 소지 불가하므로 안됨.
20,수면제 복용후 자살 실패하면 너무 고통스럽다고 한다.
20,넥타이가 40kg에 달하는 몸무게를 이기지 못해 끊어져 자살에 실패'했다는
20,수없이 많은 자살 미수에 그쳤다
20,"분신자살하면 그 엄청난 고통을 느끼는데, 모든 피부가 타들어감과 동시에 몸의 근육이 수축하기 시작하며 몸은 마비상태가 된다"
20,분신하면 내장이 타들어가기 시작할 때쯤 비로소 죽음을 맞이한다.
20,동맥 절단하려면 엄청난 용기가 필요하고 여러번 시도해야한다.
20,손목 긋는 과정에서 힘줄과 근육이 절단되는 고통도 느껴야하고 일단 성공한다 해도 피가 많이 나가기 시작하면 엄청난 두통과 어지러움을 동반 끝없는 구토가 시작되다 죽는다.
20,엄청난양의 물이 폐로 유입되고 몸에 경련이 일어나며 그상태로 2~10초간 폐에 물이가득찬 고통을 느끼다 죽는다.
20,이상태로 보통 5~10분이라는 엄청난 시간이 소요되고 만약 실패하였을 경우에는 죽지도못한채 위의 고통을 느끼며 누가 도와주러오기까지 1시간이고 2시간이고 기다려야한다.
20,연탄자살은 몸이 마비되고 호흡곤란과 머리가 폭팔할것같은 엄청난 두통과 구토 온몸의 근육이 서로 맛물리면서 생기는 상상을 초월하는 고통과 함께 환각을 보기시작하며 몸이 마비되기 시작한지 20~40여분동안 위의 고통을 동반하며 죽는다.
20,뛰어내리기전에 엄청난 용기를 필요로하며 이것에대한 고통은 머리부터 안떨어지면 내장과 뼈가 가루가되면서 죽는 고통을 느낀다.
20,높은 곳에서 떨어지는 추락사를 택했다 생명을 건진 경우 식물인간.전신마비 등 심한 장애자로 여생을 보내야 한다.
20,농약.염산.쥐약등 약물로 자살을 시도한 사람들은 위식도협착.위궤양등으로 평생을 고통 속에서 산다.
20,자신의 몸을 자해한 경우 역시 장기손상에 따라 후유증이 심각하다.
20,) 영화장면에 흔히 나오는 수면제 과량복용의 경우 자살로 이어지는 경우는 드물다
20,가장의 자살시도로 겪어야 하는 경제적 문제는 접어두고라도 가족들은 심한 외상후증후군 같은 고통에 시달린다
20,자살 실패…한강 다리 위 체포
20,목을 매고 약을 먹는 등 여러번 자살을 시도했지만 모두 실패했다.
20,"자살에 실패한 베로니카가 정신병원에 보내져 거기서 삶의 의미를 찾아가는 내용이 이어지는데, 그 과정이 경쾌한 느낌을 자아낸다"
20,"이들은 지난달 19일 낮 12시 25분쯤 순천시 월등면의 한 주택서 연탄을 피우고 동반자살을 시도, 미수에 그친 혐의를 받고 있다"
20,수면제와 소주 3병 등을 나눠 마신 뒤 번개탄을 피워자살을 시도했다가 실패했다
20,세상에서 제일 어려운 자살
20,수면제 자살 쉽지 않아요
20,계속 자살 시도와 실패의 반복
20,"얘는 과거가 비참.11년 집단 폭행당함.익사미수 5번,자살미수 3번"
20,자살하는 것도 마음대로 잘 안된다더라
20,"세 모녀 살해 가장 구속, 검거 전 자살시도 실패"
20,수면제자살 실패 후유증이 뭐임?
20,흔한 자살시도 실패 사례
20,친구가 수면제로 자살시도했다가 실패했었다.
20,실패할 확률이 높은 것으로 알려진 자살 방법
20,인간이라는 종이 자살을 그리 쉽게 할 수 있도록 만들어졌다면 이미 인간이라는 종은 지구에서 멸절되었을거요
20,자살자살하지만 생각보다 자살 디게 어려운거라 쉽게 죽지도못함
20,근데 사람 목숨이 얼마나 끈질기던지 죽기는커녕 멀쩡히 살아있닼
21,고통없이 죽는 방법
21,쉽게 죽는 방법 없나요
21,죽고싶을 때 편하게 죽는 방법 – 수면제 자살과 치사량
21,죽고싶을 때 편하게 죽는 방법- 헬륨가스 자살
21,누구나 손쉽게 자살하 수 있도록 도와드려요
21,손쉽게 자살하는 방법 좀 추천해주세요
21,단숨에 죽을 수 있는 방법 어디 없나
21,조력 자살이 제일 쉽게 죽는 듯
21,연탄 자살하면 고통없이 자살할 수 있다
21,끈만 있으면 언제든지 자살할 수 있다
21,끈만 있으면 어디서든지 자살할 수 있다
21,고통없이 한방에 자살할 수 있으면 좋은데
21,자살도구로 손쉽게 사용될 수 있는 고무호스를 방치하여 A가 손쉽게 자살을 감행
21,유명인들은 유독 넥타이로 손쉽게 자살하는 느낌 안드시나요
21,"""손쉬운 죽음 막아야""…연탄가스 동반자살 예방 시급"
21,) 자살 방법은 송창식씨의 경우처럼 가장손쉽게 목을 매는 방식을 선택
21,농약은 농가에서 쉽게 구할 수 있기 때문에 자주 쓰인다
21,스레에 올라온 편하게 자살하는 법
21,인터넷에서 손쉽게 구할 수 있는 번개탄
21,여전히 인터넷에 들어가면 유명인의 구체적인 자살수단을 손쉽게 찾아볼 수 있다.
21,)누구나 쉽게 할 수 있는 자살
21,자살이라는 게 엄청 당연한 그런 분위기였던지라
21,한국은 이렇게 쉽게 자살이란게 형성 되는구나
21,애니에서도 자살 너무 쉽게 하는 걸로 보이고
21,언제든지 자살할 수 있기 때문에 행복한 것 같음
21,언제든 자살할 준비가 된 사람들이 좀더 쉽게 자살한다.
21,언제든지 자살할 수 있다는 희망이 없었더라면 나는 이미 오래 전에 자살했을 것이다.
21,"일본사이트에 들어가서 대충후기들 번역해서보니 오히려 언제든지 자살이라는 탈출구, 즉 발을뺄곳이 없으면 살기 힘들거같다는 말이 많더군요"
21,자살 그렇게 안 먼 것 같으니깐 비용 별로 안 들어용
21,자살 원하는 자에게 합법적으로 알맞은 장소와 치사량의 모르핀을 --> 성가신 뒷처리와 뭐뭐가 필요없다 화장 등의 절차도 미리 준비해두면 일사천리로 죽기된다 비용과 자원을 아낄 수 있다
21,생각할 겨를도 없이 고통없이 죽을 수 있다.
21,차라리 자살비용이 훨씬 싸게 먹히지
21,이런 데다 내 인생 팔기 싫은데 그래도 쉬운 자살 추천 받습니다. 쉽고 저비용이면 좋겠네요
21,"안락사를 합법화하면 자살의 사후처리비용(시체수거, 고독사의 경우 청소 등)이 줄어서 개이득입니다"
21,고통이 오기도 전에 죽는다.
21,깔끔하게 죽을 수 있다.
21,쉽고 깔끔하고 처리비용 적게드는 자살
21,익사가 좋은게 딱 1분만 창으면 의식이 없어서 고통없이 죽을 수 있다더라
21,제일 고통없이 죽을 수 있는 방법은 권총자살.
21,쉽게 죽는 방법이 다 있습니다.
21,편하게 자살하는 법
22,우리나라 사망원인 1위가 자살이다.
22,자살 사망자 수는 해마다 증가하고 있다.
22,년 연속 자살률 1위이다.
22,현재 우리나라에서 자살은 증가 추세이다.
22,노인 자살률은 지속적으로 상승하고 있다.
22,하루 평균 스스로 목숨 끊는 사람의 수가 ~명이다
22,드라마 속 주인공의 자살
22,롯데그룹 2인자 이인원 부회장도 그렇게 자살당했음
22,"하일성 자살, 극단적인 선택, 야구팬들에겐 그야말로 충격"
22,성완종 경남기업 회장 자살
22,롯데 이인원 부회장은 뭘 숨기기 위해 자살을 했던 건가 불쌍하단 생각이 든다
22,2003년부터 13년 OECD자살률 1위를 고수하는 이나라 대한민국
22,갠적으로 우리나라만큼 스크린 도어 많이 설치한 곳 없는듯 물론 자살률 1위라서 그런거겠지만
22,그냥 다른 거 다 떠나서 자살률 1위 국가란 사실 하나만으로 한국이 어떤 나란지 충분히 설명되지 않나?
22,대한민국 청소년 자살률 1위를 유지하는 데 기여하라는 뜻이야
22,사회복지사가 자살률 1위 직업인 대한민국 ~ 자랑스럽 ~~
22,자살률 1위 문제지만 우울증 방치가 원인
22,한국은 OECD 국가 중 자살 사망률이 1위이며 타 국가에 비해 상당히 높다.[6] 특히 65세 이상의 노년층의 자살률이 (10만명당) 80명에 육박하고 75세 이상 자살률은 평균의 4배를 보여주고 있다
22,나는 자살을 하게되고 그게 청소년 자살률1위문제로 실검1위를 해서 정부가 좃같은 정책을 만들어내서 자살률 더 올라가고 그렇게
22,"그러나 12년 연속 자살률 1위, 행복지수는 58위의 오명을 안고 있기도 한데"
22,자살률1위말고할수있는게뭐니
22,누구나 자살하고 싶다는 생각 해본적 있음?
22,우리는 이정도면 누구나 자살할 것이라고 생각한다.
22,모두가 자살로부터 예외는 아니다.
22,인기 스타 자살 신드롬
22,사람은 누구나 한번쯤  자살을 생각하고 자살을 결심한다.
22,자살은 우리 사회에서 흔한 일이다.
22,"경찰 격무, 우울증에 올해만 19명 자살"
22,경제가 어려워서 많은 사람이 자살하고 있는데
22,"최근 전ㆍ의경이 자살하거나 탈영하는 등의 사고가 잇따르고 있으며, 이에 대한 사회적 우려 또한 높아지고 있다"
23,이 친구야 자살은 안된대도
23,동료들이 자살만은 안된다고 한다
23,)부모님께서 자살은 허락하지 않는다/
23,친구들이 자살하는 것을 허락하지 않는다.
23,자살할까 했는데 가족들이 반대한다.
23,자살은 가족들에게 주홍글씨를 새긴다.
23,친구들은 자살만은 절대 해서는 안된다고 하네요
23,가족들은 자살만은 절대 해서는 안된다고 하네요
23,자살…남은가족의 고통
23,자살은 평생을 따라 다니며 가족들을 괴롭힌다.
23,자살해도 가족들에게 보험금이 지급되지 않는다.
23,자살은 남은 가족들에게 엄청난 충격과 씻기 어려운 고통을 준다.
23,"그 중에서도 '자살'이라는 방식으로 가족을 잃은 유가족의 경우, 그들이 겪는 슬픔과 혼란, 고통은 상상을 초월한다"
23,")가족 못 지킨 죄책감에 숨고, 자살자 가족 낙인에 숨고"
23,"자살로 인한 가족, 친구를 떠나보내고 심리적 고통과 어려움 속에 남겨진 자"
23,절망 속의 극단적인 죽음은 가족에게 씻기지 않는 고통으로 남는다
23,여기서 못죽으면 친구들이 살려준 세번째 자살실패
23,친구가 나보고 자살은 하지마. 이렇게 톡보냄
23,우울증 으로 자살한 직원 두명 봤고 친구 형 친구 와이프 도 투신 자살 해서 그 가족들이 격는 고통을 조금은 안다
23,저같으면 자살합니다. 라고 계속 떠들어서 친구가 자살 소리만 들어도 짜증냄
23,친구의 자살을 막으려다 나랑 그 캐릭의 동선이 겹치게 되면서 자연스레 협력관계가 되었는데 그 과정 중에
23,) 내 소중한 친구가 자살로 인해 가족을 잃고 힘들어하고 슬퍼하는 모습을 지켜본적이 있어서 저런 사람보면 정말로 너무 걱정된다
23,나 요즘 자살 각인데 내 자살 막아주는 거 바로 트위터 친구들과 저 동아리 활동이다
23,친구가 오늘도 고딩 때 여자 마초였던 거 가지고 놀리는데 진심 자살 말림
23,친구한테 자살만이 살 길이라고 하니까 친구가 자살하면 사는게 아니잔아 라고 함
23,당신은 자살하면 끝이지만 남은 사람은?
23,자살을 하면 안되는 이유는 나를 사랑하는 사람들을 슬프게 만들기 때문입니다.
23,자살하면 주변 사람들에게 너무 민폐죠
23,자살하면 가족들에게 너무 큰 고통을 줘요
23,자살하면 남아있는 가족이 뒤처리를 해야하니까 안되는거다
23,자살하면 주변 친구들은 그 뒤처리를 해야하니까 괴롭다
23,자살하면 주위사람들이 많이 힘든가요
23,자살하고 싶다는 친구에게 절대 생명은 그렇게 쉽게 끊어서는 안되는 것이라고 말했다.
23,가족의 자살…유족들 평생 짐 안고 살아간다
23,딸의 자살에 세상이 손가락질…우리는 죄인으로 산다
23,그사람의 자살로 상처받은 다른 가족은 어떻게 되는거고 나의 행복과 평화를 깨뜨렸다고 분노하는 나도 사실은 조용한 가해자였다거나 그런거면 어떡하지 무섭고 혼란스럽다
23,"가족의 자살, 고통 그리고 그 너머의 이야기"
23,가족 때문에 나는 자살 못할거에요
23,친구 때문에 나는 자살 못할거에요
23,자살하면 가족들에게 민폐다
23,)자살하면 주변 사람들에게 엄청난 민폐이다.
24,참다가 애보고 자살하라고 저러는건가. 친구 좋아하시네.
24,역시 죽어ㅓ야... 그동안 자살을 안 외쳣다 우리친구 자살맨
24,아 진짜 고삼 때 친구들이랑 단톡에서 자살 어떻게 할까 고민 존나 했었어 진짜 ㅋㅋㅋㅋ 어떤 친구는 아름답게 죽을 거라고 꽃 몸에 치장하고 한강으로 뛰어들 거라고 했었음 진짜 웃프다
24,친구야…자살해도 되
24,"친구들 앞에서는,,자살해도 되는 것이다"
24,우리엄마가 나보고 자살하래 이랬는데 친구는 이미 자살해서 못보고
24,친구와 함께하는 즐거운 자살
24,방금 친구한테 이말했더니 공주가 나보다 오래살길 바라면 지금 자살하라는 큰 깨달음을 주고 자러감
24,친구남친분 자살추천해드립니다
24,아침에 친구랑 카톡하는데 카톡으로 핸드폰 없어졌다고 지럴ㄹ했어..미친놈같다....자살좀
24,히익 내친구도 전쟁나면 자살한댔다 나도자살
24,나 요즘 자살 살기싫다 인생 이게 입에 붙어버림 그래서 내친구들도 다같이 저렇게 말함^!^
24,아 짐 개많다 자살 말린다 진짜 친구가 죽으랄 때 죽었어야댐
24,무생물을 자처하는 친구 ㅇ미안해 호아야(머리박ㄱ고자살해라
24,자살하겠다는 친구를 ‘뭐 그러든가’라고 쉽게 놔두는 것이 더 편하다.
24,친구 자살 도운 10대 법정에
24,온 가족이 내 자살을 바라는 느낌인데…어케 이겨낼지 막막하다
24,) 자살생각하면 주변 사람들이랑 얘기해보라는데 전 그 주변사람인 가족이랑 얘기하면 자살생각 나는데요
24,세상에 어떤 부모님이 딸한테 자살하라한다구요? 나 캡쳐본있어..... 진짜 우리가족 좀 미쳤고
24,친구들이 나보고 자살하래요
24,친척들이 나보고 자살하래요
24,부모님이 나보고 자살하라고 한다
24,자살하는게 부모님 도와드리는 길
24,자살하는게 친구를 돕는 길
24,부모님도 내가 자살하는게 차라리 낫다고 한다
24,친구들도 내가 차라리 자살하는 편이 낫겠다고 한다
24,부모님은 내가 자살해도 이해할 것이다
24,친구들은 내가 자살해도 이해할 것이다
24,친척들은 내가 자살해도 이해할 것이다.
24,부모님은 내가 자살해도 이상하다고 생각하지 않을 것이다
24,친구들은 내가 자살해도 당연하다고 생각할 것이다.
24,친척들은 내가 자살해도 이상하다고 생각하지 않을 것이다
24,부모님은 내가 자살하는 것이 당연하다고 생각한다
24,친구들은 내가 자살해도 이상하다고 생각하지 않을 것이다
24,친척들은 내가 자살하는 것이 당연하다고 생각한다.
24,내가 자살하면 가족들은 보상을 받은 듯한 기분일 것이다
24,내가 자살하면 가족들은 골칫덩이리를 던 기분이겠지?
24,내가 자살하면 친구들은 보상을 받은 듯한 기분이겠지?
24,내가 자살하면 친구들은 골칫덩어리를 던 기분이겠지?
24,내가 자살하면 친척들은 골칫덩어리를 덜어낸 기분이겠지?
24,내가 자살하면 친척들은 보상을 받은 기분이겠지?
24,내가 자살하면 가족들은 기뻐할 것이다.
24,내가 자살하면 가족들은 즐거워할 것이다
24,내가 자살하면 가족들이 인정할 것이다
24,내가 자살하면 친구들이 인정할 것이다.
24,내가 자살하면 친척들이 인정할 것이다
24,친구들은 내가 자살할만한 놈이라고 한다.
25,아 님들 진짜 자살 그만 아
25,소중한 생명 아껴서 정상적인 범주에서 생활 해주세요
25,)안돼 자살 그만해요
25,여러분 자살 하면 안됩니다.
25,자살=죄악 터부
25,자살은 용서받을 수 없는 죄인가
25,비겁의 끝이 자살이다.
25,자살은 자살에 불과하다 자살을 미화하거나 영웅시해서는 안된다.
25,자살은 개인적으로나 사회적으로 최악의 선택입니다
25,죄악 중 가장 나쁜 것은 자살이라 생각한다
25,얼마나 힘들면 자신을 버리나 생각들지만 그래도 가장 큰 잘못이야
25,자의로 죽음을 선택하는건 죄악이고 원하지도 않는데 타의로 죽어버리는건 죄악이 아닌가에 대해
25,언젠가 들은건데 자살이 죄악시 되는 이유는 노예가 재산인 시대에 노예가 자의적으로 죽는 걸 막기 위해서라고
25,"자살은 죄악이니, 죄를 짓지 못하도록 배려해 드립니다. ㅋㅋ"
25,자살은 종교에서도 가장 큰 죄악이라하였으니 자살하지맙시다. 당신은 소중한 사람이니까 말입니다.
25,자살도 죄악이거든요. 살인만큼이나.
25,"위선은 아닙니다만, 자살하지말라고…자살할바에야 그냥 이 악물고 살아야지"
25,어떤 경우든 자살을 옹호해선 안된다
25,진심으로 말하는거지만 노무현이 자살로 죽어서는 안되었다.
25,책임있는 리더는~자살이라는 결론으로 은폐하거나 또 다른 자살을 부추기는 죄악을범하지 말아야합니다
25,자살은 절대 죄악이다.
25,기독교에서 가장 죄악으로 여기는것이 자살이란것에 가장큰 공감을 하고있다.
25,자살은 어떠한 경우라도 정당화 될 수 없고 지옥에 갈 최고의 죄악중에 하나
25,자살은 가장 큰 불효이자 죄악
25,세세생생 지옥고를 못 면한다 하니 자살을 하지 맙시다
25,자살한 사람은 결코 옳바르지 못합니다. 자살을 미화하는 것은 잘못된 것 입니다..
25,자살은 용서받지 못할 살인행위를 한 것으로자살을 미화하지 말라
25,자식 남겨두고 자살하는 것은 죄악입니다.
25,자살은 삶에 대한 충성 서약의 거부다.
25,자살로 세상을 떠나려는 것은 인생에서 가장 큰 죄악이며 또한 신에 대한 반역이다.
25,) 자살은 가장 큰 불효입니다.
25,) 고통에 힘들어 자살하더라도 그 영혼은 고통에서 벗어나지 못하고 더 큰 고통에 영원토록 시달리게 됩니다
25,여러분 제발 자살은 하지 말아 주세요
25,자살은 용서받을 수 없는 행위임에는 틀림없다
25,사랑 때문에 자살을 택한 베르테르랑 비교하는것부터가 말이 안되는군요
25,어떤 일이 있어도 자신의 손으로 자신을 해치진 마라
25,선택은 본인이 하겠지만 자살이 최선의 선택이 아님을 알았으면 좋겠다
25,자살이 어쩔 수 없이 선택한 방법임에도 다른 사람들의 이해를 받기 힘들다
25,"자살은 개인의 문제로 귀결되는 것이 아니며, 2차적인 문제를 낳을 수 있다"
25,스스로 자신의 삶을 버린다는 선택 자체가 사회적으로 크든 작든 윤리적인 부작용을 낳는다
26,자살은 죄악이 아니다
26,신부가 자살을 추천하는건 죄악이겠지마는 그밖에 답이 안나와
26,자살은 죄의 영역은 아닌 것 같다
26,보통사람들에게는 자살은 본인이 할수있는 최고의 선택이라 생각함
26,"사인은,서바이벌 나이프 한 자루로 자살.특이하게도 심장을 스스로 찔러 자살한 것으로 보였다.하지만,그의 시체는 편안하게 웃고있었다. 아마,자신의 죄를 속죄했다고 생각하리라"
26,왜이리 자살을 미화하고 추종하고 추모하려는 세력이 많은건지
26,자살을 죄악시하지 않는 나라..자살대국 한국
26,그 사람이 오죽하면 자살이라는 방법을 선택했겠습니까
26,자살이 죄악시되는게싫어 더 비참하게 죽을 수도 있잖아 근데 왜 스스로 결정해서 죽는 건 안 되니?
26,"카톨릭에서 자살은 죄악이라고 하지만, 하느님이 이 아이를 벌 주실 수 있을까"
26,자살은 인간의 권리다
26,자살은 때론 인간 생명의 가치와 존엄을 지킬 수 있는 유일한 방편이기도 하죠
26,)자살은 서거이다
26,무능하면 자살해도 싸다
26,오죽하면 자살했겠냐
26,자신이 몸담고 있는 직장의 잘못을 은폐하려고 자살을 결행하는 경우에는 의 로운 사람으로 높이 평가하기도 합니다
26,오죽하면 세상을 떠나겠다는 생각까지 하겠어?
26,"자살을 시도하는 게 아니라니까. 스릴을 즐기고 있다고. 그 결과 죽으면 뭐, 어쩔 수 없지 않겠어"
26,"자살은 나쁘지만, 괴로우면 정말 어쩔 수 없이 할 수 있는 것 아닌가"
26,자살은 현실의 삶에서 희망을 찾지 못하는 사람들이 선택하는 어쩔 수 없는 것 아닌가
26,나라를 위해 어쩔 수 없이 자살한 사람
26,그토록 지키고 싶은 생명을 위해 어쩔 수 없이 포기한 것이다.
26,"자살하는 것은 자신의 의무를 벗어나려하거나 피해가는 것이며, 해당 사회와 자신을 맺어주는 계약을 꺠는 것이다."
26,자살을 비난할 것이 아니라 개인들이 자살을 생각하지 않아도 되는 사회를 만들어야지
26,자살은 개인의 선택으로 존중되어야 하나
26,"남에게 피해가 가지 않는 한, 자살은 개인의 선택권 차원에서 존중되어야 한다."
26,"개인이 자신의 삶을 영위하면서 삶에서 얻는 기쁨이나 만족보다 불만족, 고통이 크다면 스스로 삶을 포기해도 어디까지나 그것은 스스로의 선택에 불과하다"
26,"누구도 자신의 삶을 대신 살아줄 수 없으며, 누구도 책임져 줄 수 없으면서 힘겨운 삶을 강요하는 것은 개인에게 고통을 감수하도록 하는 행위이다"
26,"내가 생각하기로 자살은 엄밀히 따져서 사회나, 병으로인한 타살이다. 사회에서 실패하고, 고난을 겪으며 우울증등에 걸려서 결국 결정하는게 자살이다. 즉 사회가 죽인것이다."
26,"더이상 고통을 견디지 못해서 자살을 선택하지만, 결국 죽음으로 그 사람을 내몬것은 고통이다"
26,그들의 비극적 살해당함은 ‘자살’ 이라는 것으로 포장되어 결국 스스로를 죽였다고 폄하할수 있지만 따져보면 그들은 사회로부터 살해를 당한것이기에 비난할것은 그들이 아니라 바로 그들을 죽인 그 살해자다
26,자살한 사람을 존중해야 비로서 사회를 처벌하고 사회를 바로잡아 사회로부터 살해당하는 사람들을 막을수 있다
26,) 제가 자살을 개인의 선택으로써 존중해야 한다는것이 ‘자살은 존중될 행동이기에 다같이 자살하자’ 이런게 아닙니다.
26,자살은 개인 선택 이전에 사회로부터 살해를 당한 것입니다.
27,자살 실패시 엄청난 후유증이 있다
27,자살 실패시 불구로 평생을 지내야 한다.
27,자살 실패시 흉측한 모습으로 평생 고통스럽게 살아야 한다.
27,"죽는 과정의 신체적 고통, 실패로 인한 후유증은 평생 간다."
27,자살 실패하면 너무나 고통스러워서 다시는 안하고 싶다고 한다.
27,자살하는 사람들이 죽는 순간 엄청 아픈걸로 알고 있어요
27,자살 시도하다가 진짜 죽을 것 같을 때 후회한다는데 그 때 되면 이미 늦었다는 것
27,자살을 하면 지옥에 간다는 분명한 성경 말씀들
27,자살도 한 생명을 죽인다는 것에서 살인이랑 다름없는 행위니까...지옥 가겠죠
27,분신하면 바로 죽지도 않고 한나절 이상 고통스럽게 지내다가 죽어야 한다
27,자살하면 지옥을 경험하게 된다.
27,자살하면 정말 100% 지옥에 간다
27,)자살하면 제대로 장례를 치를 수 없다고 해요
27,자살한 시체는 묘지에 묻히지 못한다고 해요
27,투신했다가 실패하니까 징역살더라
27,자살시도만으로도 감옥에 갇힌다고 합니다
27,자살하다 실패하면 그 고통은 상상을 초월한다고 합니다
27,자살하면 지옥행 급행열차 타는거다
27,)자살하면 지옥에서도 가장 고통스럽게 살아야한데
27,살기 싫어 죽었더니 자살은 죄라고 지옥가서 고문 당하면 이건 뭐.. 신은 뭘까. 있다면 그렇게 인간이 미운걸까
27,자살한사람들이 지옥에서 받는 벌인대 (아외자살해도천국가게해죠잉 ㅠ ) 본문내용 잊엇는데 글도 그림도 조낸무서워서 읽을당ㅅ
27,가족들 앞에서 목그어서 자살 - 하야샤 : 사망은 아니고 영원히 지옥에서 불탐
27,스님의 자살은 살인과 같다.
27,자살의 끝은 지옥이던가
27,불교에서 자살은 몇겁이 지나도 지옥에서 벗어나질 못할 대죄이기 때문이다.
27,자살은 사탄을 위한 순교거든
27,자살로 인해 천국에 가지 못한다 믿고 스스로에게 벌을 내리고 꿈 속을 윤회함
27,자살... 자살..... 허흑... 천국조의 노력이 물거품이 되어 버려요...ㅠㅠㅠㅠㅠㅠ 엉엉 살아 돌아왔는데 행복할 수 없는 폴폴이
27,) 아까 책 읽는데 똑같이 자살을 해도 계급이 낮은 사람들은 천국에서 추방당하고 그 죄에 사형을 선고받는 반면 귀족과 성직자 계급의 사람들은 순교로 포장되거나 사고사 따위로 꾸며져 그 자비로운 품 속에 안길 수 있었단 사실에 너무 화가났다
27,"자살..한 거같네.천국이나 지옥같은 게 어디있어. 지랄맞긴한데, 너 다시 이승으로 반송되러 가는 거야"
27,자살하면 그 고통을 어떻게 감당할래
27,자살한 사람이 실제 겪은 지옥 간증 영상입니다
27,자살하면 그동안 쌓아온 것이 전부 무의미하게 됩니다
27,자살하면 고통의 끝이 아니라 영원한 고통 속에 빠지게 됩니다.
27,자살하면 영혼이 영원히 이 세상을 떠돌아야 한다.
28,자살하면 의외로 편안하다고 한다.
28,자살하면 아무 고통없이 이 세상을 떠날 수 있다.
28,자살하면 영원한 방학을 즐길 수 있지
28,자살만이 이 문제를 해결할 수 있는 방법
28,더 잘 살 수 있는 방법은 자살뿐
28,결국 남은 방법은 자살뿐.
28,자살 너무나 로맨틱해
28,자살하자. 유구한 평화의 땅으로
28,자살은 영원한 휴식.
28,너무나 달콤한 자살
28,) 자살~~ 자살! 자살! 그것은 이 지옥에서 날 구원해 줄 유일한 길이다!
28,이 지옥같은 수리논술에서부터 벗어날 수 있는 방법은 정녕 자살밖에 없는 것인가요
28,"자살은 지옥으로 떨어진다나 뭐래나...(잘은 모르겠지만 말이야). 뭐, 계속 함께인 거면 어디든 괜찮지 않을까"
28,"차라리 자살을 하고, 지옥에 가서도 매일 자살하고 있는게 좋을 거 같네요"
28,그렇게 카이토도 죄책감에 몸서리치다 결국 자살. (대체) 쓰고 보니 너무 우울하네(ㅋㅋ) 둘이 천국가서 트루럽 했답니다
28,내일이 개학이라서 자살햇습니다 라고 하면 천국 보내주겟죠? 솔직히천국보내줘야한다
28,어린 두 딸에게 천국에 갈 것이라며 자살 폭탄 테러를 지시
28,") JSP Ent 의 훌륭한 사원이신 넬핀님은 충격에 빠져 자살 정모를 추진하는 사원들에게 ""어서와 천국은 처음이지? 처..천국으로 가...버렷!"" 이라고 천국으로 인도했습니다"
28,내 병원비 댄 엄마한테 기죽어서 설설 기다가 자살 성공해서 천국갈거야
28,") 이쯤되면 자살해도 하나님이 ""자살? 그럼 지ㅇ.. 아. 너 한국인이구나? 천국으로 가렴"" 할거같은데"
28,신:왜 자살 했니? A:저는 한국인이에요 B:저는 미국인이에요 신:오 이런. 천국으로 들어가렴 여긴 이미 지옥이라고
28,생활고 견디다 못한 일가족 자살•••12살 아이도 유서 남겨 #헬조선을 떠나 천국으로 떠난 국민
28,천국에서 가족 모두 행복하소서~ RT @lhj4937: 생활고 견디다 못한 일가족 자살
28,창조주 여호와 하나님을 직접 보기위해 빨리 죽기를 노력해야겠다
28,자살하니까 너무 좋다
28,자살 개꿀잼
28,자살하니까 헤븐
28,자살하면 고통도 없고 영원히 꿀같은 잠을 잔다
28,자살이 최상의 결과 아니냐
28,자살 후에야 진정한 행복이 온다
28,자살하면 모든 것을 내려놓고 편안해진다
28,자살해도 하나님은 언제나 나의 편
28,자살이라는 달콤한 결말
28,자살이라는 행복한 결말
28,자살을 통해 수많은 목숨을 구했다면 의미있는 일 아니겠습니까
28,자살만이 내가 안식을 얻을 유일한 방법이었다
27,자살하면 그 결말이 불행하다
27,자살해도 고통이 해결되지 않아
27,자살한다고 뭐 나아지는 것도 없다
27,자살한 시체는 화장도 못한다더라
27,자살하면 그 영혼이 계속 고통에 시달린다
27,자살은 고통의 탈출이 아닌 진정한 고통의 시작
27,불교에서 자살하면 다음생애에 하찮은 생물로 윤회한다
26,자살해도 뭐 어쩔 수 없지 그것 말고 뾰족한 수가 있나
26,사람이 스스로 생명을 끊는 것도 본인 의지로 해야지
26,자살하는 것 쯤이야 뭐 어때서
26,일반적으로 자살은 적절한 대안이다
26,자살이라는 최후의 보루가 있으니 든든하다
26,누구나 언제든 자살할 수도 있지
26,어느 누구도 자살로부터 자유롭지 않고 자살한다고 욕해서도 안된다
25,소중한 생명 자살 방지
25,자살은 죄야
25,자살은 죄라구
18,수영장에서 자살
17,자살 상담 전화 bit.ly
17,생명 전화 youtube
17,자살 예방 캠페인 twitter
17,생명 전화 전국 어디서나
17,자살 예방 트위터
17,보건복지부 정신 건강 자살 전화
17,고민 상담 심리 치료 bit.ly
17,자살 예방 캠페인 유튜브
17,자살 예방 페이스북
17,자살 방지 카톡
17,자살 상담 어플
17,자살 상담 블로그
17,자살 예방 play.google.com
17,자살 방지 인스타
17,자살 상담 facebook
17,자살 상담 blog
17,서울시 자살 예방 센터 전화번호
